{
  "LocationType": "PostalOffice",
  "ID": 2,
  "Coordinates": {
    "Latitude": 49.963099,
    "Longitude": 36.287241,
    "Address": "\u0432\u0443\u043B. \u041C\u0443\u0445\u0430\u0447\u043E\u0432\u0430",
    "Region": "\u0425\u0430\u0440\u043A\u0456\u0432\u0441\u044C\u043A\u0430 \u043E\u0431\u043B\u0430\u0441\u0442\u044C, \u0421\u043B\u043E\u0431\u0456\u0434\u0441\u043A\u0438\u0439 \u0440\u0430\u0439\u043E\u043D, \u0410\u0440\u0442\u0435\u043C\u0430"
  },
  "Staff": [
    3,
    5,
    8,
    9
  ],
  "MaxStorageCapacity": 1000,
  "IsAutomated": false,
  "HandlesPublicDropOffs": true,
  "IsRegionalHQ": false
}