{
  "ID": 10,
  "Username": "anatoliy.mikhailov",
  "Role": {
    "ID": 3,
    "Name": "\u041F\u0440\u0430\u0446\u0456\u0432\u043D\u0438\u043A",
    "Permissions": [
      1,
      10,
      11,
      12,
      13,
      20,
      21,
      22,
      40,
      50,
      60,
      130,
      131,
      132,
      140,
      141,
      142,
      143
    ]
  },
  "Employee": {
    "ID": 10,
    "FirstName": "Anatoliy",
    "Surname": "Mikhailov",
    "PhoneNumber": "\u002B380995855487",
    "Email": "anatoliy.mikhailov@packagedb.ua",
    "WorkplaceID": 1,
    "ManagedLocations": []
  }
}