{
  "LocationType": "PostalOffice",
  "ID": 3,
  "Coordinates": {
    "Latitude": 49.807647,
    "Longitude": 36.05366,
    "Address": "\u0432\u0443\u043B. \u0414\u043D\u0456\u043F\u0440\u043E\u043F\u0435\u0442\u0440\u043E\u0432\u0441\u044C\u043A\u0430",
    "Region": "\u0425\u0430\u0440\u043A\u0456\u0432\u0441\u044C\u043A\u0430 \u043E\u0431\u043B\u0430\u0441\u0442\u044C, \u041C\u0435\u0440\u0435\u0444\u0430"
  },
  "Staff": [],
  "MaxStorageCapacity": 1000,
  "IsAutomated": false,
  "HandlesPublicDropOffs": true,
  "IsRegionalHQ": false
}