{
  "LocationType": "PostalOffice",
  "ID": 1,
  "Coordinates": {
    "Latitude": 49.839235,
    "Longitude": 36.553462,
    "Address": "\u0432\u0443\u043B. \u0414\u0432\u043E\u0440\u044F\u043D\u0441\u044C\u043A\u0430",
    "Region": "\u0425\u0430\u0440\u043A\u0456\u0432\u0441\u044C\u043A\u0430 \u043E\u0431\u043B\u0430\u0441\u0442\u044C, \u0427\u0443\u0433\u0443\u0457\u0432\u0441\u044C\u043A\u0438\u0439 \u0440\u0430\u0439\u043E\u043D, \u0441\u043C\u0442. \u041D\u043E\u0432\u043E\u043F\u043E\u043A\u0440\u043E\u0432\u043A\u0430"
  },
  "Staff": [
    2,
    4,
    6,
    7,
    10,
    11,
    12
  ],
  "MaxStorageCapacity": 1000,
  "IsAutomated": false,
  "HandlesPublicDropOffs": true,
  "IsRegionalHQ": true
}